1,Joseph,2022-02-22,All brains are have neurons which are active at everytime!,2022-01-20 12:20:20
2,Steve,2022-06-01,The Oxera report has concluded that an Air Travel Organiser’s Licence (ATOL)-type compulsory co-insurance scheme with a flat-fee funding structure would not address the “moral hazard”.,2022-3-20 12:20:20
3,Pat,2022-05-25,Muscle and Fitness blog provides diverse content centered around fitness and healthy living,2022-05-20 12:20:20
4,Steve,2022-07-01,This neat color-coded system is a great example of how to improve user experience.,2022-06-20 12:20:20
5,Jon,2022-08-26,A large  end-to-end picture of the blog owner in the kitchen greets visitors when they access the website,2022-03-20 12:20:20
6,Tom,,It provides the latest news centered on American colleges and universities. In addition to higher education news,2021-08-20 12:20:20
7,Jon,2022-12-31,Regulation on this needs to change or we run the risk of history repeating itself. Despite the many failures.wealthy private energy company owners are still using customer money as free working capital today,2022-12-20 12:20:20
8,Jon,2022-07-10,There are helpful tags under each article title displayed on the blog to immediately discern which categories the content of a certain blog post falls under.,2022-06-20 12:20:20
9,Tom,2022-12-26,An entrepreneur Shakil Khan founded the CoinDesk blog to provide global investment news,2022-11-20 12:20:20
10,Tom,,Despite the embarrassing gaffe the talented star appeared in high spirits following his appearance on ABC's flagship show.,2022-03-20 12:20:20
12,Pat,2022-07-01,The Ramsey Solutions blog is a part of The Ramsey Solutions company that provides education,2022-05-20 12:20:20
13,Pat,,The outing comes after Disney bosses were left shamefaced as they mistakenly announced him as Marvel's newest star during San Diego,2022-06-20 12:20:20
14,Pat,2022-07-15,Maggiulli includes Popular Posts as one of the items on his blog’s navigation bar,2022-05-20 12:20:20
15,Joseph,2022-07-22,Regulation on this needs to change or we run the risk of history repeating itself. Despite the many failures wealthy private energy company owners are still using customer money as free working capital today,2022-07-20 12:20:20
